Source - GSC and Google Analytics,,,,,,,,,,,,,,,,,,,,,,,,,,,,,,,,,,,,,,,,,,,,,
Location - WW,,x,,,,,,,,,,,,,,,,,,,,,,,,,,,,,,,,,,,,,,,,,,,
Time Line = Previous week Sun - Sat,,,,,,,,,,,,,,,,,,,,,,,,,,,,,,,,,,,,,,,,,,,,,
Search Traffic Metrics,,,,,,,,,,,,,,,,,,,,,,,,,,,,,,,,,,,,,,,,,,,,,
Category,Trend,Last Week's cng %,Last Week's cng,Baseline | Avg of Oct- Dec 2025,"Dec 31, 2025","Jan 7, 2026","Jan 14, 2026","Jan 21, 2026","Jan 28, 2026","Feb 4, 2026","Feb 11, 2026","Feb 18, 2026","Feb 25, 2026","Mar 4, 2026","Mar 11, 2026","Mar 18, 2026","Mar 25, 2026","Apr 1, 2026","Apr 8, 2026","Apr 15, 2026","Apr 22, 2026","April 29, 2026","May 6, 2026","May 13, 2026","May 20, 2026","May 27, 2026","Jun 3, 2026","Jun 10, 2026","Jun 17, 2026","Jun 24, 2026","Jul 1, 2026","Jul 8, 2026","Jul 15, 2026","Jul 22, 2026","Jul 29, 2026","Aug 5, 2026","Aug 12, 2026","Aug 19, 2026","Aug 26, 2026","Sep 2, 2026","Sep 9, 2026","Sep 16, 2026","Sep 23, 2026","Sep 30, 2026","Oct 7, 2026"
All organic traffic (GSC),,0.57%,"1,615","4,11,809","2,10,631","1,76,959","3,16,108","3,34,632","3,64,458","3,78,345","3,81,452","3,78,974","3,38,014","3,69,274","3,68,718","3,75,747","3,47,444","3,56,155","3,15,669","3,40,454","3,60,656","3,56,914","3,13,707","3,37,993","3,39,539","3,37,851","2,99,861","3,12,500","3,23,536","3,20,217","3,16,566","2,92,047","2,95,550","2,96,426","2,86,447","2,82,713","2,75,762","2,48,282","2,66,180","2,61,225","2,70,161","2,79,346","2,85,662","2,83,336","2,84,951"
Branded traffic (GSC),,1.61%,"2,008","1,87,114","94,649","78,586","1,42,605","1,49,523","1,57,485","1,66,374","1,66,231","1,64,636","1,44,463","1,56,891","1,60,076","1,61,115","1,47,779","1,49,305","1,34,728","1,43,435","1,50,963","1,50,830","1,31,068","1,43,951","1,44,878","1,44,807","1,24,964","1,35,587","1,41,935","1,44,808","1,46,688","1,36,851","1,36,376","1,36,031","1,30,392","1,29,066","1,25,682","1,14,823","1,19,056","1,17,587","1,20,028","1,20,522","1,23,289","1,24,744","1,26,752"
Non-branded traffic (GSC),,0.43%,218,"61,828","39,288","40,198","49,403","48,703","58,219","53,000","54,194","54,751","51,917","56,701","54,652","57,196","54,727","56,595","51,413","54,790","55,508","52,613","50,198","52,563","52,384","51,477","53,723","53,212","51,608","49,493","47,593","44,792","45,258","49,945","49,541","47,616","47,821","46,272","50,583","48,192","49,893","51,530","50,569","50,195","50,413"
/cyberglossary (GA),,-0.07%,-24,"83,203","28,520","26,589","39,739","41,834","45,887","48,672","52,580","52,634","47,755","53,200","51,533","50,918","47,597","49,458","42,574","49,203","50,212","49,308","44,057","43,776","44,339","42,874","39,714","40,927","41,433","39,499","34,981","31,242","33,064","33,968","31,122","31,575","30,970","28,903","33,015","31,935","33,641","34,806","34,225","33,387","33,363"
/home page (GA),,-3.48%,-236,,"4,015","4,194","7,729","7,354","8,766","10,028","9,409","9,416","8,592","9,150","9,092","9,112","8,097","8,091","7,579","7,921","8,061","8,308","7,562","7,443","7,215","7,125","6,534","7,257","7,480","7,532","6,862","6,273","6,476","7,034","6,604","6,676","6,394","6,462","6,623","6,407","6,455","6,523","6,575","6,786","6,550"
/blog (GA),,2.74%,55,"5,440","2,367","2,035","3,287","3,044","4,489","6,859","4,721","3,944","3,377","3,629","3,651","3,661","3,397","3,195","2,908","3,226","3,179","4,108","2,765","2,583","2,837","2,845","2,358","2,663","2,870","4,331","8,003","4,199","3,436","2,887","2,496","2,345","2,221","1,982","2,184","2,148","2,112","2,040","2,257","2,004","2,059"
/Articles (GA),,1.04%,2,,105,103,202,242,253,293,300,295,302,320,300,307,289,284,250,272,287,272,272,267,271,512,223,266,266,301,260,223,274,252,197,188,192,192,186,192,195,223,214,192,194
,,,,,,,,,,,,,,,,,,,,,,,,,,,,,,,,,,,,,,,,,,,,,
/solutions (GA),,-2.71%,-68,"6,847","1,924","1,476","3,234","3,607","3,987","4,180","4,220","4,071","3,690","3,911","3,884","3,875","3,439","3,756","3,280","3,748","4,087","3,995","3,352","3,447","3,678","3,808","3,307","3,394","3,625","3,437","3,252","2,724","3,005","2,958","2,840","2,791","2,747","2,575","2,768","2,750","2,984","2,723","2,739","2,511","2,443"
/products (GA),,5.41%,752,"30,369","11,506","8,012","17,221","17,963","19,108","24,515","21,018","20,441","18,352","19,705","19,869","20,187","18,187","18,320","16,348","18,329","18,971","19,683","16,354","17,264","19,084","18,894","16,757","18,090","18,741","17,792","17,544","15,656","16,173","16,032","15,130","15,109","15,177","15,297","16,775","16,650","16,806","15,258","14,657","13,891","14,643"
/about-us (GA),,6.52%,300,"7,470","3,449","2,575","5,423","5,305","5,821","5,941","6,116","5,757","5,285","5,674","5,792","6,404","5,733","5,700","5,105","6,373","6,783","6,953","5,191","5,223","5,664","5,684","5,497","5,638","5,734","5,735","5,170","5,063","5,991","5,981","5,638","6,149","5,959","5,596","6,338","6,015","5,176","5,289","5,206","4,601","4,901"
Direct (GA),,-13.94%,"-15,231","1,18,672","86,307","70,744","1,15,528","1,28,971","1,09,499","1,16,029","1,29,917","1,32,972","1,43,019","1,03,659","1,08,183","1,37,028","1,09,527","1,72,648","1,44,528","1,21,981","1,26,870","1,47,052","1,25,088","1,34,833","1,39,674","1,61,698","1,74,868","2,11,459","1,90,773","1,78,866","1,37,219","1,18,425","1,21,673","97,430","94,872","1,08,806","80,664","79,635","93,322","1,13,930","97,017","86,343","98,178","1,09,243","94,012"
Direct (GA) (Valid -W/o email live chat page & Device - Nexus),,8.59%,"7,234",,"84,818","69,655","1,13,813","1,26,840","1,07,416","1,04,294","1,06,257","99,542","93,837","1,00,631","1,06,607","1,22,660","1,08,027","1,14,502","1,00,915","1,09,946","1,15,443","1,22,067","1,23,372","1,33,085","1,37,827","1,60,335","1,73,188","1,90,245","1,89,354","1,77,375","1,30,958","93,841","97,883","95,654","92,233","90,687","79,426","77,517","86,569","86,469","84,631","82,858","89,254","84,207","91,441"
Direct (GA) (Valid - W/o downloads),,8.16%,"5,541",,"67,661","55,300","88,620","1,00,997","80,696","77,972","77,950","71,720","69,697","74,282","79,827","95,874","82,542","89,435","76,641","84,386","89,510","96,310","1,00,756","1,08,863","1,13,223","1,34,726","1,50,400","1,65,439","1,64,061","1,51,928","1,04,612","67,503","77,458","77,959","74,905","74,030","63,034","61,210","69,769","70,394","68,463","67,302","73,146","67,872","73,413"
Referrals (GA),,71.12%,"7,728","12,893","8,173","6,700","10,133","10,290","11,142","12,690","12,115","11,349","9,783","10,671","10,872","11,469","10,297","10,249","9,866","11,459","10,878","11,521","10,057","10,872","11,487","12,067","10,627","11,341","10,831","10,640","13,624","10,239","10,810","11,337","11,299","10,729","10,384","9,278","10,623","10,570","10,810","10,424","11,842","10,866","18,594"