,"Sep 20 - Sep 26, 2026",,,,,,,,,,
,,,,,,,,,,,
,,,,,,,,,,,
,,,,,,,,,,,
,,% Change,Change,,,,,,,,
,/products (GA),-5.23%,-766,,,,,,,,
,URL ,"Sep 13 - Sep 19, 2026","Sep 20 - Sep 26, 2026",Change,% change,,URL ,"Sep 13 - Sep 19, 2026","Sep 20 - Sep 26, 2026",Change,% change
,https://www.fortinet.com/products/fortigate/fortios,187,160,-27,-14.4%,,https://www.fortinet.com/jp/products/next-generation-firewall,782,308,-474,-60.6%
,https://www.fortinet.com/products/fortimonitor,53,28,-25,-47.2%,,https://www.fortinet.com/jp/products/ethernet-switches,153,49,-104,-68.0%
,https://www.fortinet.com/products/smallbusiness/fortimanagement-cloud,103,82,-21,-20.4%,,https://www.fortinet.com/jp/products,167,78,-89,-53.3%
,Top 3 Total,343,270,-73,-21.3%,,Top 3 Total,"1,102",435,-667,-60.5%
,,,,,,,,,,,
,,,,,,,,,,,
,,% Change,Change,,,,,,,,
,/about-us (GA),-11.62%,-605,,,,,,,,
,URL ,"Sep 13 - Sep 19, 2026","Sep 20 - Sep 26, 2026",Change,% change,,URL ,"Sep 13 - Sep 19, 2026","Sep 20 - Sep 26, 2026",Change,% change
,https://www.fortinet.com/corporate/about-us/events/events/sase-summit,173,23,-150,-86.7%,,https://www.fortinet.com/jp/corporate/about-us/company,254,138,-116,-45.7%
,https://www.fortinet.com/corporate/about-us/about-us,195,159,-36,-18.5%,,https://www.fortinet.com/jp/corporate/about-us/about-us,119,72,-47,-39.5%
,https://www.fortinet.com/corporate/about-us/newsroom/press-releases/2026/fortinet-unveils-new-calgary-cybersecurity-innovation-hub,42,10,-32,-76.2%,,https://www.fortinet.com/jp/corporate/about-us/contact-us,80,33,-47,-58.8%
,Top 3 Total,410,192,-218,-53.2%,,Top 3 Total,453,243,-210,-46.4%
,,,,,,,,,,,
,,,,,,,,,,,
,,% Change,Change,,,,,,,,
,Direct (Relevant traffic),-5.65%,"-5,047",,,,,,,,
,URL ,"Sep 13 - Sep 19, 2026","Sep 20 - Sep 26, 2026",Change,% change,,,,,,
,https://www.fortinet.com/,"21,222","18,977","-2,245",-10.6%,,,,,,
,https://www.fortinet.com/sase-summit,540,35,-505,-93.5%,,,,,,
,https://www.fortinet.com/blog/threat-research/casbaneiro-a-banking-trojan-with-distributed-data-receiving-servers,261,66,-195,-74.7%,,,,,,
,Top 3 Total,"22,023","19,078","-2,945",-13.4%,,,,,,
,,,,,,,,,,,
,,,,,,,,,,,
,,% Change,Change,,,,,,,,
,Referrals (GA),-8.24%,-976,,,,,,,,
,URL ,"Sep 13 - Sep 19, 2026","Sep 20 - Sep 26, 2026",Change,% change,,,,,,
,https://www.fortinet.com/library/sase-dgt/ai-sase-for-dummies,636,35,-601,-94.5%,,,,,,
,https://www.fortinet.com/library/sase-dgt/ai-and-sase-in,360,19,-341,-94.7%,,,,,,
,https://www.fortinet.com/library/sase-dgt/ai-and-sase-wp,293,21,-272,-92.8%,,,,,,
,Top 3 Total,"1,289",75,"-1,214",-94.2%,,,,,,