Category,Keyword,Regional Monthly Search Volume for Jan 2026,Funnels,Latest Top Rank URL,"Avg Base Rank for Week of Dec 31, 2025","Avg Base Rank for Week of Jan 07, 2026","Avg Base Rank for Week of Jan 14, 2026","Avg Base Rank for Week of Jan 21, 2026","Avg Base Rank for Week of Jan 28, 2026","Avg Base Rank for Week of Feb 4, 2026","Avg Base Rank for Week of Feb 11, 2026","Avg Base Rank for Week of Feb 18, 2026","Avg Base Rank for Week of Feb 25, 2026","Avg Base Rank for Week of Mar 04, 2026","Avg Base Rank for Week of Mar 11, 2026","Avg Base Rank for Week of Mar 18, 2026","Avg Base Rank for Week of Mar 25, 2026","Avg Base Rank for Week of Apr 01, 2026","Avg Base Rank for Week of Apr 08, 2026","Avg Base Rank for Week of Apr 15, 2026","Avg Base Rank for Week of Apr 22, 2026","Avg Base Rank for Week of Apr 29, 2026","Avg Base Rank for Week of May 06, 2026","Avg Base Rank for Week of May 13, 2026","Avg Base Rank for Week of May 20, 2026","Avg Base Rank for Week of May 27, 2026","Avg Base Rank for Week of Jun 03, 2026","Avg Base Rank for Week of Jun 10, 2026","Avg Base Rank for Week of Jun 17, 2026","Avg Base Rank for Week of Jun 24, 2026","Avg Base Rank for Week of Jul 01, 2026","Avg Base Rank for Week of Jul 08, 2026","Avg Base Rank for Week of Jul 15, 2026","Avg Base Rank for Week of Jul 22, 2026","Avg Base Rank for Week of Jul 29, 2026","Avg Base Rank for Week of Aug 05, 2026","Avg Base Rank for Week of Aug 12, 2026","Avg Base Rank for Week of Aug 19, 2026","Avg Base Rank for Week of Aug 26, 2026","Avg Base Rank for Week of Sep 02, 2026","Avg Base Rank for Week of Sep 09, 2026","Avg Base Rank for Week of Sep 16, 2026","Avg Base Rank for Week of Sep 23, 2026","Avg Base Rank for Week of Oct 07, 2026","Avg Base Rank for Week of Oct 07, 2026"
Zero Trust,ztna,5400,BOFU ,https://www.fortinet.com/solutions/enterprise-midsize-business/network-access/application-access,1,3,1,1,1,3,4,8,1,1,1,1,1,1,1,1,1,1,1,1,1,1,1,1,4,1,1,1,4,5,1,1,1,1,4,4,1,3,1,4,-
Top Opportunities,cybersecurity,201000,TOFU,https://www.fortinet.com/resources/cyberglossary/what-is-cybersecurity,7,8,9,9,8,1,23,10,9,19,8,19,8,1,1,23,1,17,1,11,36,16,9,-,5,7,9,1,1,1,36,1,31,-,1,1,-,1,1,24,-
SD-WAN,what is sd wan,1900,TOFU,https://www.fortinet.com/resources/cyberglossary/sd-wan-explained,1,1,1,1,1,1,1,3,1,8,6,5,3,3,1,1,1,1,1,1,1,3,1,1,1,1,3,3,1,4,3,3,3,1,1,1,1,1,1,1,1
SD-WAN,sd wan,6600,TOFU,https://www.fortinet.com/resources/cyberglossary/sd-wan-explained,1,1,3,1,5,5,1,4,1,4,1,1,1,1,1,1,1,1,1,1,1,1,1,1,1,1,1,1,1,4,3,4,1,1,3,4,3,1,1,5,-
SASE,Sase,14800,TOFU,https://www.fortinet.com/resources/cyberglossary/sase,-,-,-,-,-,-,-,-,-,-,-,-,-,-,-,-,-,-,-,-,-,-,-,-,-,-,-,1,1,1,1,1,1,1,1,1,1,1,1,1,-
SASE,What Is Sase,3600,TOFU,https://www.fortinet.com/resources/cyberglossary/sase,-,-,-,-,-,-,-,-,-,-,-,-,-,-,-,-,-,-,-,-,-,-,-,-,-,-,-,1,2,1,1,2,1,1,1,1,2,1,1,1,1
NGFW,firewall,27100,TOFU,https://www.fortinet.com/resources/cyberglossary/firewall,5,3,3,1,1,1,1,1,3,1,1,1,2,1,1,1,1,1,1,1,1,1,1,1,1,1,1,1,1,1,1,1,1,1,1,1,1,1,1,1,1
OT Security,what is ot security,1000,MOFU,https://www.fortinet.com/solutions/industries/scada-industrial-control-systems/what-is-ot-security,-,-,-,-,-,-,-,-,-,-,-,-,-,-,-,-,-,-,-,-,-,-,-,-,-,-,-,-,-,1,1,2,2,2,2,2,2,2,1,1,1
OT Security,ot security,3600,MOFU,https://www.fortinet.com/solutions/industries/scada-industrial-control-systems/what-is-ot-security,-,-,-,-,-,-,-,-,-,-,-,-,-,-,-,-,-,-,-,-,-,-,-,-,-,-,-,-,1,1,1,1,2,2,1,1,1,2,1,1,-
Top Opportunities,ransomware,33100,TOFU,https://www.fortinet.com/resources/cyberglossary/ransomware,4,3,4,1,1,4,4,4,6,5,5,4,4,1,1,1,1,1,1,1,4,5,5,7,1,6,1,6,6,4,8,7,7,5,1,6,6,9,1,6,-
Quantum Security,quantum security solutions,40,TOFU,https://www.fortinet.com/resources/cyberglossary/quantum-security,-,-,-,-,-,-,-,-,-,-,-,-,-,-,-,-,-,-,-,-,-,-,-,-,-,-,-,2,1,1,4,3,2,1,1,1,2,3,1,56,56
Quantum Security,quantum security,880,TOFU,https://www.fortinet.com/resources/cyberglossary/quantum-computing-security,-,-,-,-,-,-,-,-,-,-,-,-,-,-,-,-,-,-,-,-,-,-,-,-,-,-,-,1,1,1,1,1,1,1,1,1,1,1,1,1,1
AI Cybersecurity,ai cybersecurity solutions,880,BOFU ,https://www.fortinet.com/resources/cyberglossary/artificial-intelligence-in-cybersecurity,-,-,-,-,-,-,-,-,-,-,-,-,-,-,-,-,-,-,-,-,-,-,-,-,-,-,-,-,-,-,-,-,4,1,1,1,1,1,1,1,-
AI Cybersecurity,AI security,6600,TOFU,https://www.fortinet.com/resources/cyberglossary/ai-security,-,-,-,-,-,-,-,-,-,-,-,-,-,-,-,-,-,-,-,-,-,-,-,-,-,-,-,-,-,-,-,-,1,16,1,1,10,1,16,1,-
AI Cybersecurity,what is ai security,720,TOFU,https://www.fortinet.com/resources/cyberglossary/artificial-intelligence-in-cybersecurity,-,-,-,-,-,-,-,-,-,-,-,-,-,-,-,-,-,-,-,-,-,-,-,-,-,-,-,-,-,-,-,-,1,1,1,1,1,1,4,1,1
AI Cybersecurity,ai security systems,390,MOFU,https://www.fortinet.com/resources/cyberglossary/ai-security,-,-,-,-,-,-,-,-,-,-,-,-,-,-,-,-,-,-,-,-,-,-,-,-,-,-,-,-,-,-,-,-,1,1,1,1,1,1,1,5,-
AI Cybersecurity,ai cybersecurity,4400,TOFU,https://www.fortinet.com/resources/cyberglossary/artificial-intelligence-in-cybersecurity,-,-,-,-,-,-,-,-,-,-,-,-,-,-,-,-,-,-,-,-,-,-,-,-,-,-,-,-,-,-,-,-,1,1,1,1,1,7,2,1,1
Quantum Security,quantum safe encryption,390,TOFU,https://www.fortinet.com/resources/cyberglossary/quantum-security,-,-,-,-,-,-,-,-,-,-,-,-,-,-,-,-,-,-,-,-,-,-,-,-,-,-,-,-,-,-,-,-,1,1,6,1,5,1,1,1,1
Quantum Security,PQC,1900,TOFU,https://www.fortinet.com/uk/resources/cyberglossary/post-quantum-cryptography,-,-,-,-,-,-,-,-,-,-,-,-,-,-,-,-,-,-,-,-,-,-,-,-,-,-,-,22,1,1,19,1,1,1,15,16,1,1,1,18,-
Quantum Security,post-quantum cryptography,8100,TOFU,https://www.fortinet.com/resources/cyberglossary/post-quantum-cryptography,-,-,-,-,-,-,-,-,-,-,-,-,-,-,-,-,-,-,-,-,-,-,-,-,-,-,-,22,1,1,1,1,1,1,1,1,1,1,15,-,-
Quantum Security,quantum computing security,170,TOFU,https://www.fortinet.com/resources/cyberglossary/quantum-computing-security,-,-,-,-,-,-,-,-,-,-,-,-,-,-,-,-,-,-,-,-,-,-,-,-,-,-,-,1,1,1,1,1,1,1,1,1,1,1,1,1,1
Quantum Security,quantum key distribution,1000,TOFU,https://www.fortinet.com/resources/cyberglossary/quantum-key-distribution,-,-,-,-,-,-,-,-,-,-,-,-,-,-,-,-,-,-,-,-,-,-,-,-,-,-,-,6,1,1,1,1,1,1,1,1,1,1,1,1,1
Zero Trust,what is zero trust,2400,TOFU,https://www.fortinet.com/resources/cyberglossary/what-is-the-zero-trust-network-security-model,38,1,6,10,13,1,12,1,1,19,1,8,10,11,1,1,16,1,1,1,1,1,19,15,16,6,1,1,1,1,1,1,1,7,1,1,8,1,1,76,-
Zero Trust,zero trust,9900,TOFU,https://www.fortinet.com/resources/cyberglossary/what-is-the-zero-trust-network-security-model,7,1,10,1,1,10,1,1,1,1,1,21,1,8,1,1,12,1,1,10,10,8,13,10,13,1,1,19,10,9,12,12,10,12,11,12,12,11,10,1,-
NAC,how to secure iot network,20,TOFU,https://www.fortinet.com/resources/cyberglossary/iot-security,1,6,1,1,1,1,5,1,1,1,1,1,6,1,1,1,1,1,1,1,1,2,1,1,1,1,2,2,2,2,3,2,1,1,1,1,1,1,1,1,1