,"Sep 13 - Sep 19, 2026",,,,,,,,,,
,,,,,,,,,,,
,,,,,,,,,,,
,,,,,,,,,,,
,,% Change,Change,,,,,,,,
,Branded (GSC),2.30%,"2,767",,,,,,,,
,URL ,"Sep 06 - Sep 12, 2026","Sep 13 - Sep 19, 2026",Change,% change,,URL ,"Sep 06 - Sep 12, 2026","Sep 13 - Sep 19, 2026",Change,% change
,https://www.fortinet.com/,"6,673","7,175",502,7.5%,,https://www.fortinet.com/br/support/product-downloads,"4,070","4,525",455,11.2%
,https://www.fortinet.com/corporate/careers,"1,640","2,037",397,24.2%,,https://www.fortinet.com/fr/support/product-downloads,"2,688","2,949",261,9.7%
,https://www.fortinet.com/content/dam/fortinet/assets/data-sheets/FortiGate_600E.pdf,35,232,197,562.9%,,Top 3 Total,"6,758","7,474",716,10.6%
,Top 3 Total,"8,348","9,444","1,096",13.1%,,,,,,
,,,,,,,,,,,
,,,,,,,,,,,
,,% Change,Change,,,,,,,,
,Branded (GSC),2.30%,"2,767",,,,,,,,
,Keywords,"Sep 06 - Sep 12, 2026","Sep 13 - Sep 19, 2026",Change,% change,,Keywords,"Sep 06 - Sep 12, 2026","Sep 13 - Sep 19, 2026",Change,% change
,fortinet,"9,120","9,940",820,9.0%,,forticlient vpn,"14,120","14,345",225,1.6%
,fortinet careers,847,979,132,15.6%,,forti client,635,729,94,14.8%
,fortinet calgary,11,131,120,1090.9%,,forticlient vpn download,"8,517","8,595",78,0.9%
,Top 3 Total,"9,978","11,050","1,072",10.7%,,Top 3 Total,"23,272","23,669",397,1.7%
,,,,,,,,,,,
,,,,,,,,,,,
,,% Change,Change,,,,,,,,
,/blog (GA),10.64%,217,,,,,,,,
,URL ,"Sep 06 - Sep 12, 2026","Sep 13 - Sep 19, 2026",Change,% change,,,,,,
,https://www.fortinet.com/blog/ciso-collective/update-on-fortinet-use-of-frontier-ai,25,91,66,264.0%,,,,,,
,https://www.fortinet.com/blog/business-and-technology/fortinet-offers-free-cybersecurity-training-courses,78,120,42,53.8%,,,,,,
,https://www.fortinet.com/blog/security-operations/fortisoar-8-unites-agentic-ai-and-automation-to-revolutionize-security-operations,0,33,33,#DIV/0!,,,,,,
,Top 3 Total,103,244,141,136.9%,,,,,,
,,,,,,,,,,,
,,,,,,,,,,,
,,% Change,Change,,,,,,,,
,Direct (Relevant traffic),7.72%,"6,396",,,,,,,,
,URL ,"Sep 06 - Sep 12, 2026","Sep 13 - Sep 19, 2026",Change,% change,,,,,,
,https://www.fortinet.com/,"19,305","21,222","1,917",9.9%,,,,,,
,https://www.fortinet.com/resources/analyst-reports/gartner-magic-quadrant-hmf,250,696,446,178.4%,,,,,,
,https://www.fortinet.com/training-certification,"7,308","7,633",325,4.4%,,,,,,
,Top 3 Total,"26,863","29,551","2,688",10.0%,,,,,,
,,,,,,,,,,,
,,,,,,,,,,,
,,% Change,Change,,,,,,,,
,Referrals (GA),13.60%,"1,418",,,,,,,,
,URL ,"Sep 06 - Sep 12, 2026","Sep 13 - Sep 19, 2026",Change,% change,,,,,,
,https://www.fortinet.com/library/sase-dgt/ai-sase-for-dummies,0,636,636,636.0%,,,,,,
,https://www.fortinet.com/library/sase-dgt/ai-and-sase-in,0,360,360,360.0%,,,,,,
,https://www.fortinet.com/library/sase-dgt/ai-and-sase-wp,0,293,293,293.0%,,,,,,
,Top 3 Total,0,"1,289","1,289",1289.0%,,,,,,