A	Keyword	Regional Monthly Search Volume for Jan 2026	Funnels	Latest Top Rank URL	Avg Base Rank for Week of Dec 31, 2025	Avg Base Rank for Week of Jan 07, 2026	Avg Base Rank for Week of Jan 14, 2026	Avg Base Rank for Week of Jan 21, 2026	Avg Base Rank for Week of Jan 28, 2026	Avg Base Rank for Week of Feb 4, 2026	Avg Base Rank for Week of Feb 11, 2026	Avg Base Rank for Week of Feb 18, 2026	Avg Base Rank for Week of Feb 25, 2026	Avg Base Rank for Week of Mar 04, 2026	Avg Base Rank for Week of Mar 11, 2026	Avg Base Rank for Week of Mar 18, 2026	Avg Base Rank for Week of Mar 25, 2026	Avg Base Rank for Week of Apr 01, 2026	Avg Base Rank for Week of Apr 08, 2026	Avg Base Rank for Week of Apr 15, 2026	Avg Base Rank for Week of Apr 22, 2026	Avg Base Rank for Week of Apr 29, 2026	Avg Base Rank for Week of May 06, 2026	Avg Base Rank for Week of May 13, 2026	Avg Base Rank for Week of May 20, 2026	Avg Base Rank for Week of May 27, 2026	Avg Base Rank for Week of Jun 03, 2026	Avg Base Rank for Week of Jun 10, 2026	Avg Base Rank for Week of Jun 17, 2026	Avg Base Rank for Week of Jun 24, 2026	Avg Base Rank for Week of Jul 01, 2026	Avg Base Rank for Week of Jul 08, 2026	Avg Base Rank for Week of Jul 15, 2026	Avg Base Rank for Week of Jul 22, 2026	Avg Base Rank for Week of Jul 29, 2026	Avg Base Rank for Week of Aug 05, 2026	Avg Base Rank for Week of Aug 12, 2026	Current vs Previous week	Baseline vs Current Week	Target Keywords
Top Opportunities	ethernet switch	14800	BOFU 	https://www.fortinet.com/resources/cyberglossary/what-is-ethernet-switching	1	7	1	1	1	1	1	12	1	22	1	8	9	1	8	22	19	1	1	1	1	-	1	-	-	1	1	1	1	-	101	1	6	-5	-5	
NAC	iot security solutions	1000	BOFU 	https://www.fortinet.com/solutions/enterprise-midsize-business/iot-solution	2	2	2	1	5	1	1	1	1	1	1	21	1	1	2	2	18	1	2	2	2	6	7	6	7	6	7	7	8	7	6	5	1	4	1	a
NAC	iot firewall	70	BOFU 	https://www.fortinet.com/solutions/enterprise-midsize-business/iot-solution	1	6	6	8	8	1	9	9	9	11	1	20	5	4	4	1	1	1	1	6	3	3	3	2	1	3	1	1	1	1	4	4	4	0	-3	
NAC	nac solutions	390	BOFU 	https://www.fortinet.com/blog/industry-trends/use-cases-for-network-access-control-nac-solutions	1	6	1	1	1	1	1	1	1	1	1	8	1	1	1	1	4	1	1	1	1	1	1	6	1	1	8	1	1	6	1	6	1	5	0	
NAC	access control solutions	1900	BOFU 		47	30	39	40	45	46	-	31	31	19	46	70	49	61	9	15	35	23	15	14	-	-	-	-	-	-	-	-	-	-	-	-	-	-	#VALUE!	a
NAC	access control devices	590	BOFU 		-	25	28	30	36	46	-	-	28	35	64	72	-	1	-	-	-	1	-	-	-	-	-	-	-	-	-	-	-	-	-	-	-	-	#VALUE!	
NAC	network access control products	40	BOFU 	https://www.fortinet.com/resources/cyberglossary/what-is-network-access-control	7	6	1	7	6	6	6	6	6	1	5	3	1	1	1	1	1	5	1	1	4	1	1	3	1	1	1	1	1	1	1	1	3	-2	4	
NAC	nac service	40	BOFU 		4	4	25	36	40	43	-	-	1	-	1	1	1	-	-	-	-	-	-	1	1	-	1	-	1	-	-	-	-	-	-	-	-	-	#VALUE!	
NAC	nac network access control products	20	BOFU 	https://www.fortinet.com/resources/cyberglossary/what-is-network-access-control	6	5	7	6	6	6	6	6	7	1	1	1	1	1	1	1	1	4	1	1	2	1	1	2	1	1	1	1	1	1	1	3	2	1	4	
NGFW	small business firewall	720	BOFU 	https://www.fortinet.com/solutions/small-business/firewall	2	4	2	3	2	2	1	6	2	1	2	4	1	1	1	1	1	2	1	2	1	1	2	2	2	3	2	2	1	1	1	4	1	3	1	a
NGFW	business firewall	320	BOFU 	https://www.fortinet.com/solutions/small-business/firewall	2	2	1	3	4	2	2	1	2	1	2	3	1	1	1	1	1	1	1	1	1	3	1	1	1	1	3	4	5	4	1	1	4	-3	-2	
NGFW	business firewall solutions	50	BOFU 	https://www.fortinet.com/solutions/small-business/firewall	3	3	3	1	3	3	3	1	1	2	3	2	1	1	2	1	2	1	1	1	1	1	4	1	4	1	1	1	1	3	4	4	4	0	-1	
NGFW	enterprise grade firewall	30	BOFU 	https://www.fortinet.com/products/next-generation-firewall	1	1	1	11	1	1	11	3	10	8	8	9	1	8	8	1	1	6	5	5	8	7	1	1	26	7	7	7	1	1	1	1	1	0	0	
NGFW	ngfw	4400	BOFU 	https://www.fortinet.com/lat/resources/cyberglossary/next-generation-firewall	1	1	1	1	4	4	1	1	1	1	1	4	1	1	1	1	1	1	1	1	1	1	1	1	1	1	1	1	1	1	3	4	1	3	0	
NGFW	next generation firewall	2400	BOFU 	https://www.fortinet.com/products/next-generation-firewall	6	6	5	5	5	5	1	1	4	5	1	1	6	1	1	4	1	1	1	1	4	4	1	1	1	1	1	5	5	5	1	5	1	4	5	a
NGFW	firewall next generation	720	BOFU 	https://www.fortinet.com/products/next-generation-firewall	4	1	5	1	4	5	4	1	1	9	1	1	5	1	1	4	1	1	1	1	4	1	1	1	1	1	1	5	5	5	1	1	1	0	3	
NGFW	next gen firewall	2400	BOFU 	https://www.fortinet.com/products/next-generation-firewall	5	1	5	5	4	5	4	1	1	4	1	1	5	1	1	5	1	1	1	1	1	1	1	1	1	1	1	6	5	23	1	6	1	5	4	
NGFW	enterprise firewall	320	BOFU 	https://www.fortinet.com/products/next-generation-firewall	8	8	1	9	9	8	1	8	9	7	1	1	1	7	6	1	4	1	1	3	1	1	4	1	7	1	3	5	1	1	4	1	7	-6	1	a
NGFW	firewall price	170	BOFU 	https://www.fortinet.com/products/network-firewall-pricing	1	1	3	1	1	1	1	1	1	4	1	1	1	1	1	1	1	1	1	1	1	1	1	1	1	1	1	1	2	1	1	2	1	1	0	
NGFW	firewall cost	90	BOFU 	https://www.fortinet.com/products/network-firewall-pricing	1	1	1	1	1	1	3	1	1	1	3	1	1	1	1	1	1	1	1	4	1	2	1	1	1	1	1	1	1	1	1	2	1	1	0	
NGFW	layer 3 firewall	70	BOFU 		32	28	16	21	22	24	21	28	16	15	26	10	-	25	22	25	4	24	29	1	-	-	-	-	-	-	-	-	-	-	-	-	-	-	#VALUE!	
NGFW	network firewall security price	70	BOFU 	https://www.fortinet.com/products/network-firewall-pricing	1	1	1	1	1	1	1	1	1	1	1	1	1	1	1	1	1	1	1	1	1	1	1	1	1	1	1	1	1	1	1	1	1	0	0	
NGFW	network firewall price	90	BOFU 	https://www.fortinet.com/products/network-firewall-pricing	2	1	1	2	3	3	2	1	2	1	2	4	2	2	1	1	1	2	2	1	2	1	1	2	3	1	2	1	1	1	1	1	1	0	1	
NGFW	cheap firewall	20	BOFU 	https://www.fortinet.com/products/network-firewall-pricing	29	8	9	9	10	19	10	20	8	6	4	4	6	8	10	16	8	17	16	11	14	10	14	12	13	15	11	16	16	1	12	19	10	9	19	
NGFW	firewall security price	30	BOFU 	https://www.fortinet.com/products/network-firewall-pricing	1	1	1	1	1	2	2	1	1	1	1	1	1	1	1	1	1	1	1	1	1	1	1	1	1	1	1	1	1	1	1	2	1	1	0	
NGFW	nexgen firewall	30	BOFU 	https://www.fortinet.com/products/next-generation-firewall	5	1	6	1	6	5	5	1	1	4	1	4	5	1	1	5	1	1	1	1	1	1	1	1	1	1	1	3	3	3	1	3	1	2	4	
NGFW	firewall price comparison	30	BOFU 	https://www.fortinet.com/products/network-firewall-pricing	1	2	1	1	1	1	1	3	1	2	1	1	1	3	1	1	1	1	1	2	2	1	2	1	1	2	2	2	3	4	5	1	1	0	0	
NGFW	firewall security price in usa	20	BOFU 	https://www.fortinet.com/products/network-firewall-pricing	1	1	1	1	2	2	2	1	1	1	1	1	1	1	1	1	3	2	3	2	2	2	1	1	1	1	1	1	1	1	1	1	1	0	0	
NGFW	how much is a network firewall	20	BOFU 	https://www.fortinet.com/products/network-firewall-pricing	1	1	1	1	3	3	3	1	1	1	1	1	1	1	1	1	1	1	1	1	1	3	1	2	1	1	1	1	1	1	1	1	2	-1	-1	
NGFW	low cost firewall	20	BOFU 	https://www.fortinet.com/products/network-firewall-pricing	8	8	9	8	9	7	10	9	6	6	7	12	7	7	7	13	7	11	7	3	4	4	3	4	6	5	3	3	3	1	5	3	3	0	5	
NGFW	physical firewall prices	10	BOFU 	https://www.fortinet.com/products/network-firewall-pricing	2	3	3	1	1	1	8	1	1	1	1	1	1	1	1	1	1	1	1	1	1	1	1	1	1	1	2	1	1	1	2	1	1	0	1	
NGFW	next generation application firewall	30	BOFU 	https://www.fortinet.com/blog/business-and-technology/redefining-next-generation-firewalls	1	1	1	4	4	1	7	1	1	1	4	8	21	7	7	6	1	4	5	1	25	26	20	20	22	22	26	27	24	26	38	34	25	9	-24	
NGFW	add a next generation firewall	20	BOFU 	https://www.fortinet.com/products/next-generation-firewall	1	2	1	1	1	1	7	1	1	1	4	10	8	1	1	1	1	1	1	23	4	4	1	1	1	1	5	5	1	3	47	3	4	-1	-3	
NGFW	ngfw products	30	BOFU 	https://www.fortinet.com/products/next-generation-firewall	1	1	1	1	1	1	1	1	2	1	1	2	1	1	1	1	1	1	1	1	1	1	1	1	2	1	1	2	1	1	1	1	1	0	0	
NGFW	next generation firewall appliance	90	BOFU 	https://www.fortinet.com/products/next-generation-firewall	1	1	1	1	1	1	1	1	1	1	1	1	1	1	1	4	1	1	1	1	3	3	2	3	4	3	1	1	4	1	1	1	4	-3	-3	
NGFW	affordable firewall	20	BOFU 	https://www.fortinet.com/solutions/small-business/firewall	9	9	7	9	11	10	8	8	3	4	5	6	7	8	8	12	12	1	5	8	4	3	5	5	5	7	6	6	7	3	10	8	8	0	1	
NGFW	enterprise firewall router	40	BOFU 	https://www.fortinet.com/solutions/small-business/firewall	9	5	9	7	5	8	5	6	6	4	6	6	5	6	5	21	8	8	1	7	7	3	1	1	16	25	1	2	2	1	1	1	18	-17	-9	
NGFW	price of hardware firewall	20	BOFU 	https://www.fortinet.com/products/network-firewall-pricing	2	2	1	1	1	1	1	3	1	1	1	1	1	1	1	1	1	1	1	3	1	1	1	1	1	1	1	1	1	1	1	1	1	0	1	
NGFW	network firewall cost	70	BOFU 	https://www.fortinet.com/products/network-firewall-pricing	2	2	2	2	6	5	6	2	2	2	2	2	2	2	1	1	1	1	1	1	1	1	1	2	4	1	2	2	2	2	2	2	2	0	0	
Zero Trust	ztna	5400	BOFU 	https://www.fortinet.com/solutions/enterprise-midsize-business/network-access/application-access	1	3	1	1	1	3	4	8	1	1	1	1	1	1	1	1	1	1	1	1	1	1	1	1	4	1	1	1	4	5	1	1	1	0	0	
SD-WAN	sd wan companies	210	BOFU 		24	27	28	29	31	34	36	22	28	28	35	34	30	34	31	16	30	26	27	28	14	28	-	-	-	-	-	-	-	-	-	-	-	-	#VALUE!	a
SD-WAN	top sd wan vendors	70	BOFU 	https://www.fortinet.com/blog/business-and-technology/fortinet-named-a-top-sdwan-vendor-in-the-2021-frost-radar	72	64	63	64	66	67	-	-	-	-	-	-	-	-	-	-	-	-	-	28	-	-	-	-	-	-	-	-	-	-	-	101	59	42	13	
SD-WAN	top sd wan providers	110	BOFU 		88	70	70	1	70	70	47	48	44	48	50	54	-	-	-	-	-	-	-	-	-	-	-	-	-	-	-	-	-	-	-	-	-	-	#VALUE!	
SD-WAN	best sd wan	90	BOFU 		10	11	21	12	27	17	19	20	11	10	28	10	-	-	-	-	35	33	25	31	-	-	-	-	-	-	-	-	-	-	-	-	-	-	#VALUE!	
SD-WAN	sd wan vendors comparison	90	BOFU 		-	36	35	37	40	18	32	17	38	18	33	39	-	-	25	16	20	24	-	-	-	22	-	-	-	-	19	-	1	1	101	1	101	-100	#VALUE!	
SD-WAN	sd wan for small business	170	BOFU 	https://www.fortinet.com/solutions/small-business/security-sd-wan	1	1	1	1	1	1	1	1	1	1	1	1	1	1	1	2	1	1	1	1	1	5	1	1	1	1	1	1	3	2	3	1	1	0	0	
SD-WAN	sd wan and cloud	20	BOFU 		6	6	1	4	4	4	4	1	1	1	23	27	1	1	1	1	1	1	1	1	-	-	7	-	-	1	-	1	1	23	42	101	-	-	#VALUE!	
SD-WAN	sd wan hardware vendors	30	BOFU 	https://www.fortinet.com/blog/business-and-technology/fortinet-recognized-as-a-challenger-in-the-first-gartner-wan-edg	23	48	20	20	19	19	20	26	16	20	29	27	-	-	-	23	31	34	32	36	-	-	-	-	-	-	-	-	-	-	-	101	1	100	22	
SD-WAN	sd wan multi cloud	30	BOFU 	https://www.fortinet.com/solutions/enterprise-midsize-business/sd-wan-multi-cloud	3	3	3	3	3	3	3	3	3	3	3	3	3	3	3	3	3	3	3	3	-	20	3	3	1	1	26	4	1	1	3	3	4	-1	-1	
SD-WAN	small business wan	30	BOFU 	https://www.fortinet.com/solutions/small-business/security-sd-wan	1	1	1	1	1	1	1	1	1	1	1	1	1	1	1	1	1	1	1	1	1	1	1	1	1	1	1	1	2	3	1	1	4	-3	-3	
SASE	Single Vendor Sase	170	BOFU 	https://www.fortinet.com/blog/business-and-technology/fortinet-single-vendor-sase-recognition																												2	2	2	3	1	1	0	-1	
SASE	Ai Powered Sase	30	BOFU 	https://www.fortinet.com/solutions/enterprise-midsize-business/security-as-a-service/fortiguard-subscriptions/sase																												1	1	9	31	1	6	-5	-6	
AI Cybersecurity	ai security solutions	1600	BOFU 	https://www.fortinet.com/resources/articles/leading-ai-security-companies																												-	-	-	-	101	39	62	-39	
AI Cybersecurity	gen ai security solutions		BOFU 																													-	14	-	-	-	-	-	#VALUE!	
AI Cybersecurity	ai cybersecurity tools	2400	BOFU 	https://www.fortinet.com/resources/cyberglossary/artificial-intelligence-in-cybersecurity																																-	5	#VALUE!	-5	
AI Cybersecurity	ai cybersecurity certification	590	BOFU 																																	-	-	-	#VALUE!	
AI Cybersecurity	ai cybersecurity software	210	BOFU 	https://www.fortinet.com/resources/cyberglossary/artificial-intelligence-in-cybersecurity																																-	4	#VALUE!	-4	
AI Cybersecurity	aiops tools	1900	BOFU 																																	-	-	-	#VALUE!	
AI Cybersecurity	aiops software	590	BOFU 																																	-	-	-	#VALUE!	
AI Cybersecurity	aiops platforms	1300	BOFU 																																	-	-	-	#VALUE!	
AI Cybersecurity	aiops vendors	210	BOFU 																																	-	-	-	#VALUE!	
AI Cybersecurity	ai cybersecurity providers	10	BOFU 																																	-	-	-	#VALUE!	
AI Cybersecurity	ai cyber security companies	170	BOFU 	https://www.fortinet.com/resources/articles/leading-ai-security-companies																																-	1	#VALUE!	-1	
AI Cybersecurity	best ai security companies	20	BOFU 	https://www.fortinet.com/resources/articles/leading-ai-security-companies																																-	1	#VALUE!	-1	
AI Cybersecurity	ai security vendor		BOFU 	https://www.fortinet.com/resources/articles/leading-ai-security-companies																																-	1	#VALUE!	-1	
AI Cybersecurity	which are the top ai security companies		BOFU 	https://www.fortinet.com/resources/articles/leading-ai-security-companies																																-	4	#VALUE!	-4	
AI Cybersecurity	what companies provide ai security platforms		BOFU 	https://www.fortinet.com/resources/articles/leading-ai-security-companies																																-	8	#VALUE!	-8	
AI Cybersecurity	ai security platfrom		BOFU 	https://www.fortinet.com/solutions/ai-security																																-	27	#VALUE!	-27	
AI Cybersecurity	ai security software	590	BOFU 	https://www.fortinet.com/resources/articles/leading-ai-security-companies																																-	13	#VALUE!	-13	
AI Cybersecurity	ai security services	90	BOFU 	https://www.fortinet.com/resources/cyberglossary/ai-security																																-	9	#VALUE!	-9	
AI Cybersecurity	ai security companies	720	BOFU 	https://www.fortinet.com/resources/articles/leading-ai-security-companies																																-	1	#VALUE!	-1	
AI Cybersecurity	ai security providers	20	BOFU 	https://www.fortinet.com/resources/articles/leading-ai-security-companies																																-	1	#VALUE!	-1	
AI Cybersecurity	ai cybersecurity solutions	880	BOFU 	https://www.fortinet.com/resources/cyberglossary/artificial-intelligence-in-cybersecurity																																-	4	#VALUE!	-4	
AI Cybersecurity	top ai cybersecurity vendors	10	BOFU 	https://www.fortinet.com/resources/articles/leading-ai-security-companies																																-	9	#VALUE!	-9	
AI Cybersecurity	list of ai cybersecurity tools	2400	BOFU 	https://www.fortinet.com/resources/cyberglossary/artificial-intelligence-in-cybersecurity																																-	3	#VALUE!	-3	
AI Cybersecurity	gen ai security platform		BOFU 																																	-	-	-	#VALUE!	
OT Security	ot security solutions	480	BOFU 	https://www.fortinet.com/solutions/ot-security																													1	1	1	3	1	2	-1	
OT Security	best ot security for critical infrastructure	140	BOFU 	https://www.fortinet.com/solutions/industries/scada-industrial-control-systems/what-is-ot-security																													-	1	1	2	2	0	-2	
OT Security	ot cyber security companies	140	BOFU 	https://www.fortinet.com/solutions/ot-security																													-	-	-	101	22	79	-22	
OT Security	ot security companies	210	BOFU 	https://www.fortinet.com/																													-	20	18	1	1	0	-1	
OT Security	ot security assessment	90	BOFU 	https://www.fortinet.com/assess/ot																													-	10	10	10	14	-4	-14	
OT Security	ot security company	140	BOFU 	https://www.fortinet.com/																													-	1	1	1	1	0	-1	
OT Security	best ot security companies	70	BOFU 																														-	-	-	-	-	-	#VALUE!	
OT Security	ot cybersecurity vendors	90	BOFU 	https://www.fortinet.com/solutions/ot-security																													-	36	39	22	20	2	-20	
																																								
																																								
																																								
																																								
																																								
																																								
																																								
																																								
																																								
																																								
																																								
																																								